performance_id,arrangement_id
100838840_1636300599, 3770948_3770948
1009119594_2126186724, 3772221_3772221
101304813_2186385057, 3769415_3769415
1013178350_1788897375, 3769777_3769777
1013178350_1930377629, 3769836_3769836
1013311575_1876914618, 3769676_3769676
1013679610_1731262161, 3769443_3769443
1013679610_1966733030, 3769826_3769826
101605327_2125844134, 3770185_3770185
102283998_1990984166, 3771973_3771973
1025070442_2000847464, 3769897_3769897
102656474_1644580756, 3770185_3770185
102673822_1746982667, 3771841_3771841
1026971333_1878674225, 3771478_3771478
1027314259_2012766741, 3770403_3770403
1028662912_1693050215, 3770467_3770467
1028662912_1863591391, 3771457_3771457
1028777175_1771213800, 3771478_3771478
1028777175_1771275831, 3770960_3770960
1031301047_1657751206, 3769836_3769836
1035467538_2238282778, 3770803_3770803
1039667910_1631699392, 3769836_3769836
1040923528_2080393084, 3771478_3771478
1040994231_1971409096, 3769946_3769946
104286795_1601662696, 3770473_3770473
1047315514_2026299190, 3772206_3772206
1047325519_2231292133, 3771723_3771723
1047477746_2242071883, 3771601_3771601
1049056592_1609868009, 3769836_3769836
1054539843_2018528179, 3769899_3769899
1062000754_2055944353, 3770023_3770023
106254879_1786399131, 3771973_3771973
106275040_1762876655, 3770831_3770831
106556720_2211086981, 3772033_3772033
1066342873_1760509764, 3769643_3769643
1070277330_1529027144, 3771902_3771902
1070277330_1822693948, 3771902_3771902
1072509036_1642053507, 3770253_3770253
1076929229_1561200175, 3771107_3771107
1079537692_2053213329, 3769434_3769434
1080760812_2356961252, 3770428_3770428
1084448820_1924974520, 3770994_3770994
1086597157_1836637352, 3771242_3771242
1087843743_1819627529, 3772179_3772179
1088627457_1628520663, 3770160_3770160
1094627008_2338475504, 3771478_3771478
1100476605_1952999147, 3771169_3771169
1102104435_1529029806, 3770467_3770467
1103717529_2160109958, 3770295_3770295
1104976636_2200016529, 3769776_3769776
1107138383_2039452570, 3770602_3770602
1118781094_1937866789, 3770185_3770185
1118956014_2212240469, 3769590_3769590
112106882_2193170047, 3769730_3769730
112106882_2193184723, 3771116_3771116
1121201827_1892408134, 3770468_3770468
1124457318_1854518968, 3771988_3771988
1126141922_1673382280, 3771116_3771116
1127746754_1959898814, 3769415_3769415
112914088_1666659237, 3770803_3770803
1133911812_1988654111, 3771025_3771025
1135585131_1865745808, 3771829_3771829
114068553_1884419719, 3769397_3769397
1145564814_1548183581, 3772088_3772088
1148694583_1924694120, 3772190_3772190
115109795_1548719432, 3769643_3769643
115140757_1760224126, 3770267_3770267
115547343_1672930013, 3771494_3771494
1159686409_1859761436, 3771800_3771800
1167292203_1597740716, 3769402_3769402
1167292203_1930357505, 3770017_3770017
1167292203_1933174376, 3771259_3771259
1171992543_1900538891, 3771712_3771712
117205685_1647228201, 3771456_3771456
1178021112_1986543217, 3769643_3769643
1179264081_2204734923, 3771645_3771645
1179726768_1728822935, 3772190_3772190
1181240566_1576759027, 3770968_3770968
1185068055_1623534711, 3771413_3771413
1186135284_1995569552, 3771478_3771478
118700482_2312533706, 3770672_3770672
1187660719_1655198231, 3769592_3769592
1204409037_2075060303, 3771860_3771860
1208255698_2043953856, 3771489_3771489
1208255698_2119100307, 3770715_3770715
1210363701_1882610253, 3772033_3772033
121118009_1862443499, 3771478_3771478
1211801144_1998236583, 3769411_3769411
121868918_2344140124, 3772081_3772081
1227966751_1577210816, 3771478_3771478
1231658426_1862423145, 3769382_3769382
123497046_1927640957, 3772190_3772190
1236053598_1580501583, 3770965_3770965
1237835549_1883820811, 3771478_3771478
1238469549_2087379232, 3770803_3770803
1238873875_2130951892, 3769329_3769329
124047117_1778735863, 3770803_3770803
1246830894_1624940981, 3770602_3770602
1248154086_1520420685, 3770431_3770431
124945966_1649357220, 3772019_3772019
1259431475_2299317385, 3769643_3769643
1260811275_1644199523, 3769585_3769585
1261498790_2096010704, 3769345_3769345
1264237947_1620603577, 3771271_3771271
126636953_1652647883, 3770671_3770671
126636953_1744270649, 3769861_3769861
126678829_2251531907, 3770959_3770959
1267141869_1783988635, 3770978_3770978
1267141869_2087568464, 3771354_3771354
1267141869_2181019011, 3771354_3771354
1269035396_1757436687, 3769345_3769345
1269035396_2111865047, 3770959_3770959
1271954664_2070585862, 3772000_3772000
127237225_1785937716, 3772049_3772049
1276873554_1949617384, 3771687_3771687
1278684664_2048812010, 3769508_3769508
128011322_1850381907, 3769501_3769501
1281832033_1939468085, 3770454_3770454
1281954410_1737147560, 3769411_3769411
1288189022_2068285094, 3770181_3770181
1288532602_1775797070, 3769897_3769897
1288532602_2087382293, 3770948_3770948
1288532602_2099037616, 3771391_3771391
1290017016_1551060453, 3770948_3770948
1291286224_1993413610, 3771031_3771031
129142842_1929944408, 3770352_3770352
1296203001_1739196352, 3770295_3770295
1296411830_1815796191, 3771225_3771225
1296962893_2050589648, 3769434_3769434
1297249713_1556263033, 3769676_3769676
1297857803_1584908807, 3770303_3770303
1299473214_1720626612, 3769942_3769942
1299597016_1865194754, 3769899_3769899
130677649_1650263837, 3770307_3770307
1308420037_2286172463, 3769319_3769319
1310096067_1966358510, 3769643_3769643
131147574_2198194707, 3771478_3771478
131829719_1766532554, 3769524_3769524
1320586109_1704225469, 3769841_3769841
1320586109_2012526438, 3770960_3770960
1323366666_1777639670, 3770496_3770496
1325910306_1762959518, 3771611_3771611
1326326037_1678897492, 3771478_3771478
1327330032_2111935953, 3770324_3770324
1336527303_1784290420, 3771478_3771478
1336679668_1828427919, 3770715_3770715
1337596374_1874651177, 3770532_3770532
1338198783_1747717043, 3772190_3772190
1338198783_1905000297, 3772190_3772190
134032765_1775528573, 3771723_3771723
1341892365_1888576516, 3771116_3771116
1342000238_1573123604, 3771902_3771902
1345816421_1563993326, 3772019_3772019
1346935955_2140069621, 3771208_3771208
134845947_1968470641, 3769319_3769319
134845947_1983839081, 3769590_3769590
134845947_2157654420, 3772170_3772170
1350325212_2327051224, 3770532_3770532
1350544562_1942595038, 3771374_3771374
1351927251_1575980453, 3772019_3772019
135332340_1649681048, 3769577_3769577
1354186047_1636329289, 3771478_3771478
1354794416_1607213698, 3769477_3769477
1358632068_1763410098, 3770803_3770803
1361998933_1596308466, 3772019_3772019
1362235452_1620560268, 3770098_3770098
1362235452_1676269031, 3771034_3771034
1362952492_1598353371, 3771478_3771478
1365988085_1604415490, 3769810_3769810
1366568949_1990874666, 3771208_3771208
1367585310_2294245910, 3770570_3770570
1370609493_2114755734, 3771025_3771025
1370609493_2117225541, 3770479_3770479
1371190866_1993855563, 3769590_3769590
1371412711_1631295531, 3769458_3769458
1371412711_1645083244, 3770295_3770295
1371412711_1664795750, 3769836_3769836
1371412711_1712932096, 3770512_3770512
1371412711_1739539199, 3771478_3771478
1371412711_1767890605, 3770326_3770326
1371412711_1789174735, 3770123_3770123
1371412711_1913033353, 3770431_3770431
1371412711_2227253903, 3772179_3772179
1371412711_2233849393, 3771225_3771225
1371412711_2331886954, 3770326_3770326
1372368036_1949056005, 3770885_3770885
1375320601_1622460646, 3772019_3772019
137532560_2045890355, 3770352_3770352
1377460944_2172173561, 3772152_3772152
1378557537_1760680230, 3772088_3772088
1378599734_1876744065, 3770089_3770089
1378678869_1631244762, 3771478_3771478
1378987696_1631239944, 3770948_3770948
1379643438_1794647064, 3770532_3770532
1379959202_1631260403, 3770948_3770948
1380164476_1971862808, 3770098_3770098
138091211_1655749675, 3771107_3771107
1380948732_1889719677, 3771152_3771152
1382752936_2026916636, 3770496_3770496
1385616842_2060634940, 3770671_3770671
1385626570_1662780469, 4180100_4180100
1385724784_1644584963, 3770803_3770803
138720585_2090002908, 3771723_3771723
138863926_1819985953, 3771311_3771311
1388680534_1647594537, 3772019_3772019
1389821451_1649849390, 3769477_3769477
1390498000_1673009685, 3769411_3769411
1395957101_2050730159, 5504102_5504102
1396304832_1667891977, 3770950_3770950
1396416593_2009862412, 3770679_3770679
1396416593_2324961115, 3771135_3771135
1396609151_2139993616, 3770803_3770803
1398031550_1884343016, 3771841_3771841
1398618014_1778367285, 3771451_3771451
1398805345_2341652916, 3769730_3769730
1399954955_1932620554, 3770602_3770602
140042477_2231964115, 3771724_3771724
1400627469_1670875176, 3770948_3770948
140108793_1944724425, 3771688_3771688
1401754409_1806437489, 3769643_3769643
1402052976_1673503236, 3771478_3771478
1403280210_1817546014, 3769996_3769996
140334498_1739605749, 3771494_3771494
1403405542_1681300160, 3771792_3771792
140438461_1830458379, 3771926_3771926
1404670343_1832419141, 3769415_3769415
1404818943_1995879657, 3771926_3771926
1405017550_1678823800, 3771377_3771377
1406837405_1971595718, 3771162_3771162
1407351096_1691027711, 3770685_3770685
1407985767_1684267997, 3772190_3772190
1411881132_1691835959, 3769899_3769899
1411891398_1693776434, 3770948_3770948
1412130751_1692308684, 3769836_3769836
1413399094_1694954190, 3772040_3772040
1414950122_1697435068, 3771478_3771478
1415071792_1702631615, 3770950_3770950
1415337344_1703164910, 3769836_3769836
1417430717_1725909573, 3770803_3770803
1417700244_1794936461, 3770803_3770803
1421767379_2220805558, 3770322_3770322
1421997102_1726503697, 3769411_3769411
1423567165_1731741982, 3769643_3769643
1423567165_1747943798, 3771110_3771110
1423567165_1749722858, 3771184_3771184
1423567165_1761465062, 3771184_3771184
1423567165_1882420602, 3769966_3769966
1425258809_1744497539, 3771478_3771478
1427754235_1721483971, 3770602_3770602
1430213368_2002880824, 3769415_3769415
1430384553_1797361276, 3770761_3770761
1430450838_1726686248, 3771478_3771478
1432717364_1731340997, 3772046_3772046
1434498454_1747397629, 3770948_3770948
1436714552_1785939910, 3771025_3771025
1437632446_1942401943, 3772212_3772212
1440197603_1746556276, 3771926_3771926
1440197603_1746720335, 3771343_3771343
1442189089_1750187268, 3769477_3769477
1443261308_1807546274, 3770532_3770532
1443261308_2000381674, 3770532_3770532
1443261308_2002730253, 3770532_3770532
1443261843_1827374763, 3770023_3770023
1443261843_1862935343, 3769443_3769443
144456244_1924751908, 3771343_3771343
144456244_2097037081, 3770715_3770715
1444620185_1762748713, 3772019_3772019
1445020132_2167766618, 3770782_3770782
1445076292_1755427795, 3769810_3769810
1445955737_1757303468, 3769836_3769836
1448429890_1780566074, 3770906_3770906
1450472965_1773381739, 3769415_3769415
1451177603_1818070681, 3770948_3770948
1457412015_1914876106, 3771631_3771631
1457412015_1929703224, 3770803_3770803
1457412015_1959551204, 3769888_3769888
1457592359_1778457806, 3770602_3770602
1460746925_1784370752, 3770948_3770948
1463861402_2153280973, 3770803_3770803
1466491527_1794572510, 3769411_3769411
1467777181_1817473716, 3769831_3769831
1471194020_1813423083, 3769643_3769643
1475586817_2074941051, 3769882_3769882
1475702274_2191062462, 3770457_3770457
147713340_1994587948, 3769882_3769882
1477236038_1815089711, 3771478_3771478
1478173302_1819820598, 3771864_3771864
1481033276_1907561769, 3772221_3772221
1482254190_2073313430, 3771973_3771973
1482541173_2072996077, 3769590_3769590
148313552_2284135328, 3770983_3770983
1485478041_1910599580, 3769571_3769571
1485478041_1957260383, 3769882_3769882
148650875_2350658575, 3771116_3771116
148650875_2354555120, 3771109_3771109
1488112528_1848222198, 3769643_3769643
1489256514_1837276202, 3771311_3771311
1490509787_1847118900, 3770598_3770598
1490509787_1927613601, 3770598_3770598
1490509787_2000365180, 3770598_3770598
1490509787_2005289794, 3770598_3770598
1490509787_2094629388, 3770598_3770598
1492227915_1842607906, 3771478_3771478
1492288916_1842649233, 3771478_3771478
149258940_1959312011, 3769415_3769415
1493577679_1854590713, 3769415_3769415
1495043322_1930192338, 3769477_3769477
1498880321_1855411518, 3771154_3771154
1499001244_1917577123, 3770185_3770185
1503625238_1867731981, 3771124_3771124
1503625238_1962138329, 3771926_3771926
1503625238_2164660911, 3771258_3771258
1505549489_1866258109, 3769801_3769801
1506102718_1874348242, 3771478_3771478
1506998583_1868775372, 3769477_3769477
1507398692_1874362599, 3769810_3769810
1510704224_1874828815, 3772190_3772190
1510957312_1875329478, 3769415_3769415
1511588360_1934139764, 3771791_3771791
1511588360_1944606173, 3769390_3769390
1511588360_1974121258, 3769969_3769969
1511993150_1880895088, 3771478_3771478
1513504127_1902768566, 3769655_3769655
1515143647_1886586328, 3769643_3769643
1516181912_1883555845, 3772190_3772190
1516565879_1944432776, 3771116_3771116
1516946613_2157709260, 3770803_3770803
1518111952_1897919656, 3769415_3769415
1518111952_1959545881, 3769415_3769415
1519733805_2077725525, 3770363_3770363
1520929407_1893618207, 3772019_3772019
1521231180_1995052162, 3769897_3769897
152149831_1655645340, 3770803_3770803
1522419096_1904963221, 3769415_3769415
1525287419_1920467956, 3771712_3771712
1526878084_1945341870, 3772198_3772198
1526878084_1945604840, 3771107_3771107
1527964988_1915141771, 3771926_3771926
152808268_1528537460, 3770948_3770948
1528482139_1937952218, 3771478_3771478
1529197347_1905020757, 3769415_3769415
152960653_2202580313, 3769730_3769730
1530587123_1921969138, 3771347_3771347
1532167249_2027650555, 3769390_3769390
1533613290_2005513826, 3771107_3771107
1535274847_1915360989, 3771116_3771116
1536413881_1922372468, 3769415_3769415
1539206603_1924252400, 3769458_3769458
1542018142_1934750371, 3771456_3771456
1542018142_1952233991, 3771456_3771456
1542285636_1932397848, 3771926_3771926
1542468415_1978132518, 3770948_3770948
1542944165_2034239247, 3769643_3769643
1543137485_2026310249, 3770761_3770761
1543961011_1930444941, 3770948_3770948
1546605605_1942239057, 3770160_3770160
154742013_2343201374, 3771478_3771478
1550144152_1957516293, 3771734_3771734
1550332559_1952300782, 3769917_3769917
1551424929_2287656248, 3770803_3770803
155178022_1872029322, 3769450_3769450
1554259880_1946577110, 3772081_3772081
155487751_1588613133, 3770852_3770852
1556533453_1952368127, 3770968_3770968
1557953076_1967392569, 3770498_3770498
1557953076_1988273531, 3770993_3770993
1557953076_1990681562, 3769376_3769376
156129856_1925245746, 3771451_3771451
156129856_1929783115, 3771821_3771821
1563128700_1962057625, 3769415_3769415
1565082456_2059727547, 3769501_3769501
156781484_1792259570, 3771478_3771478
1569514813_2024894594, 3772081_3772081
1571402809_2188974129, 3769501_3769501
1574472167_1976463570, 3772039_3772039
1576174475_1981470599, 3772019_3772019
157914753_1672396378, 3771377_3771377
157914753_1672465500, 3770602_3770602
157931057_1588882148, 3769467_3769467
1580507997_2123742950, 3770602_3770602
1580507997_2228978532, 3772088_3772088
1582221544_1998448489, 3771926_3771926
1583903004_1993910805, 3769643_3769643
158486468_1974560606, 3770926_3770926
1585275276_1995779831, 3769472_3769472
1587605406_2061853733, 3769501_3769501
1589791671_2002911516, 3771734_3771734
1589791671_2002973094, 3771234_3771234
1589791671_2007804356, 3769643_3769643
159172081_1641639906, 3769588_3769588
1597499585_2019847648, 3770473_3770473
1599987218_2017794630, 3770782_3770782
1602237161_2123714845, 3772034_3772034
1602237161_2133592268, 3769917_3769917
1606294153_2077476608, 3771169_3771169
1608009925_2224612639, 3772039_3772039
1608208672_2077600464, 3771613_3771613
160949017_2070208362, 3769501_3769501
1609549719_2039240040, 3772190_3772190
1609687258_2053619250, 3772145_3772145
1610502814_2036575543, 3770106_3770106
1610725057_2038942762, 3770361_3770361
1611683964_2039000654, 3771417_3771417
1613168205_2224195246, 3772214_3772214
1613284107_2041453329, 3772221_3772221
1613997375_2070694300, 3771478_3771478
1615650453_2155104627, 3771169_3771169
161834129_2175663776, 3772212_3772212
1618938200_2273883330, 3771110_3771110
1622631596_2058197431, 3770431_3770431
1625506462_2065816588, 3770948_3770948
1628451012_2068117218, 3771608_3771608
1632490020_2080281844, 3772019_3772019
1633725898_2080109181, 3772190_3772190
163377765_2061177261, 3771417_3771417
1633820119_2094883283, 3770803_3770803
1635443519_2258591205, 3769319_3769319
1637386236_2167758471, 3772190_3772190
1638257993_2085091957, 3769643_3769643
1644665664_2128584646, 3769643_3769643
1645088219_2249257320, 3769326_3769326
1646710098_2099788625, 3769415_3769415
1646842020_2162088818, 3770668_3770668
1652551733_2126931626, 3770715_3770715
1652551733_2137973610, 3772221_3772221
165803199_1647799585, 3771225_3771225
165928869_1964553435, 3769899_3769899
1662708539_2127928831, 3769411_3769411
1662945134_2131132195, 3770322_3770322
166306590_2209851030, 3769364_3769364
1663235352_2271491464, 3771478_3771478
166431060_1656473946, 3771009_3771009
166431060_1664352036, 3771712_3771712
1664410910_2131048667, 3771926_3771926
1667411226_2159976143, 3769861_3769861
1667411226_2159982230, 3769861_3769861
1667411226_2188842381, 3769861_3769861
1667411226_2202738540, 3769738_3769738
166924030_1540368741, 3771304_3771304
166924030_1837843350, 3771860_3771860
166924030_2200142430, 3770853_3770853
166924030_2278134049, 3770853_3770853
166992953_1796764910, 3769836_3769836
1681905537_2210321418, 3770691_3770691
1689234913_2172203778, 3771973_3771973
169043566_2058704302, 3770410_3770410
169170147_2101395230, 3769390_3769390
169232314_2211054446, 3769431_3769431
169293246_2258617159, 3769822_3769822
169322939_1934428264, 3770948_3770948
1696418561_2184415566, 3772190_3772190
1699627052_2192308140, 3771926_3771926
1705464848_2213881710, 3769319_3769319
1708433342_2318109586, 3769643_3769643
1708433342_2333590171, 3769643_3769643
1731994426_2289471657, 3770307_3770307
1731994426_2303545734, 3771859_3771859
1735678138_2256933794, 3769917_3769917
1749651834_2281754618, 3771010_3771010
175164734_1934799860, 3771601_3771601
175164734_1942439018, 3771872_3771872
175164734_2010250213, 3771908_3771908
175164734_2017245853, 3772076_3772076
175164734_2160066400, 3771872_3771872
1756320520_2307870676, 3769415_3769415
1756487649_2294686018, 3771821_3771821
1757291434_2336262525, 3770602_3770602
1764807098_2333493958, 3769643_3769643
1766654466_2313796169, 3772039_3772039
1766654466_2318488236, 3769899_3769899
1772534194_2333173298, 3771859_3771859
177705473_1964520614, 3771124_3771124
178307367_1832460851, 3771922_3771922
178307367_1832894022, 3769948_3769948
178307367_1834190489, 3770569_3770569
179499253_1837695366, 3769415_3769415
185068849_2012474423, 3770996_3770996
188658579_1854942301, 3772134_3772134
189222221_1944459710, 3769590_3769590
191002829_2090159273, 3770297_3770297
191636756_2203468082, 3771199_3771199
191636756_2234405081, 3770477_3770477
192412230_2255515584, 3771856_3771856
192816058_1612516015, 3771902_3771902
194455188_2021802138, 3769828_3769828
196901549_2024917141, 3771116_3771116
197252304_1947611737, 3770966_3770966
197279879_1872302284, 3770454_3770454
197279879_1914826578, 3772190_3772190
197668400_2072723848, 3770258_3770258
198906969_1689444445, 3770691_3770691
202099379_1544546521, 3769643_3769643
206130952_1707134245, 3771860_3771860
206130952_2055553391, 3770457_3770457
207903285_1686606796, 3771116_3771116
208106085_1797322502, 3771377_3771377
208106085_1900695166, 3770042_3770042
208106085_2174565362, 3771377_3771377
208106085_2198163881, 3770160_3770160
208516732_1882189476, 3772038_3772038
210985025_1755356755, 3772190_3772190
214822842_1620218180, 3772088_3772088
215053778_1599099280, 3769822_3769822
215346458_2195496316, 3770602_3770602
216949195_2065214727, 3772019_3772019
218445719_1859272309, 3770959_3770959
220074030_1707808735, 3771054_3771054
220074030_1930250592, 3771738_3771738
220074030_1946997162, 3771738_3771738
224099281_2135623280, 3771926_3771926
225717379_2110958321, 3769899_3769899
232453956_1633616532, 3770017_3770017
232453956_1728834743, 3770017_3770017
232453956_1794259338, 3772081_3772081
234621968_1927058911, 3770403_3770403
235466216_1842282985, 3772190_3772190
236012603_1967577364, 3769472_3769472
237119210_1577866933, 3772019_3772019
238446912_2036625964, 3772190_3772190
238464304_1804529381, 3770088_3770088
239586000_1937445115, 3771478_3771478
241974251_1693325101, 3769643_3769643
244381018_1520267523, 3770245_3770245
244381018_1891349173, 3771446_3771446
248135832_2211848017, 3772190_3772190
248288657_1848855360, 3770477_3770477
248288657_1857211579, 3769319_3769319
249060720_1731393335, 3770671_3770671
250555110_2193140020, 3770602_3770602
250904521_2152417276, 3769322_3769322
252312873_1957414269, 3769376_3769376
254855389_1910162888, 3771116_3771116
257679662_2000946311, 3769948_3769948
257748724_1833648365, 3770458_3770458
257748724_1916159785, 3769917_3769917
258027701_1580448262, 3769810_3769810
260367774_1633856422, 3771973_3771973
262676092_1974391707, 3771311_3771311
264394222_1723688298, 3770532_3770532
265357602_2284061908, 3769617_3769617
268601523_2226177514, 3770761_3770761
270869302_2259700751, 3769917_3769917
273681572_1670894087, 3770948_3770948
273924191_1593960020, 3772190_3772190
277639821_1696851274, 3771374_3771374
284219131_1691512415, 3770922_3770922
285059757_1839727237, 3770303_3770303
286228514_1808181943, 3770900_3770900
287183065_2157826686, 3769411_3769411
287795048_1657957228, 3771116_3771116
289141874_2179106112, 3769836_3769836
291693445_2010169643, 3771926_3771926
292467922_1988424004, 3772162_3772162
293608532_1852913763, 3769643_3769643
297390575_1631606938, 3770852_3770852
297394224_1886812494, 3771478_3771478
299810480_2184561961, 3771732_3771732
300308848_2318650853, 3769411_3769411
300547405_1871963424, 3771908_3771908
302273512_1685679162, 3771107_3771107
305695562_2107378863, 3770415_3770415
306208785_1739437092, 3770948_3770948
306622334_2177226907, 3770321_3770321
312222050_1876285255, 3770421_3770421
313835696_1712680315, 3770349_3770349
313835696_1812121374, 3771347_3771347
313835696_1839888461, 3769801_3769801
313835696_1924655740, 3771267_3771267
314834365_1794020638, 3771922_3771922
316586043_2089555824, 3769841_3769841
320337679_2288170466, 3771403_3771403
321142808_2234637071, 3771025_3771025
321142808_2235963587, 3769958_3769958
321711892_2000506005, 3769821_3769821
321711892_2291360736, 3771322_3771322
32189208_1630356569, 3772019_3772019
323534498_2050794623, 3771926_3771926
324149140_1526251404, 3771374_3771374
32445227_1591008151, 3770496_3770496
326026475_1969318676, 3770559_3770559
32642150_1713679340, 3772070_3772070
326655957_2096004788, 3770423_3770423
32750424_2178711262, 3769411_3769411
32865391_1566594559, 3771456_3771456
33128648_1591478958, 3770697_3770697
33128648_1591484954, 3772019_3772019
33128648_1599361236, 3770697_3770697
33128648_1599377303, 3772019_3772019
33128648_1697534661, 3772019_3772019
33128648_1697542340, 3770697_3770697
33128648_1771251473, 3770697_3770697
33128648_1915385326, 3771980_3771980
332536445_1626464607, 3770563_3770563
332536445_1718055220, 3771212_3771212
332536445_1944767115, 3771340_3771340
332536445_1946809792, 3771340_3771340
332884700_2188954095, 3770431_3770431
334806305_1591277719, 3771456_3771456
334806305_1636530303, 3772039_3772039
335317767_2029513563, 3770803_3770803
335653551_2153113755, 3770207_3770207
339062171_1801103460, 3771973_3771973
339091485_1990997678, 3771626_3771626
340713657_1558890831, 3772088_3772088
341969904_1721267101, 3769439_3769439
344348458_1583529724, 3769836_3769836
344929906_2045886974, 3771497_3771497
345591101_1923411700, 3769802_3769802
349120861_1710043847, 3771116_3771116
349120861_1718445137, 4180100_4180100
352825359_1907830542, 3770803_3770803
356667822_1902365230, 3769973_3769973
359430330_2026551247, 3771388_3771388
364009598_2017560629, 3771240_3771240
364664166_1907752265, 3769590_3769590
364664166_2029162414, 3769438_3769438
365753594_1610554279, 3770949_3770949
366238225_1780860138, 3769411_3769411
366683771_2012000009, 3771697_3771697
367456537_2169310332, 3771311_3771311
368668165_1667947827, 3770564_3770564
368812358_1617926205, 3770370_3770370
369137065_1802006702, 3771388_3771388
370240075_2100123703, 3769643_3769643
37067942_1960354963, 3771259_3771259
372946679_2003575705, 3770715_3770715
373119996_2138627751, 3771478_3771478
382029215_2034037128, 3769322_3769322
382455245_1579978500, 3770668_3770668
385051339_1578824251, 3772088_3772088
38578485_1824886680, 3769521_3769521
388663617_1709276979, 3770307_3770307
389668130_1732196899, 3770506_3770506
389668130_1865159128, 3770710_3770710
389668130_2131375032, 3770431_3770431
389668130_2143223545, 3770431_3770431
390049570_2054327681, 3771025_3771025
392222725_1965802436, 3769443_3769443
393111209_1912568241, 3771626_3771626
394709799_2150572807, 3771116_3771116
396415648_1657207885, 3769477_3769477
396785761_1681769245, 3770272_3770272
398823213_1710681507, 3770457_3770457
398823213_1927392193, 3771417_3771417
398823213_1937689934, 3771607_3771607
398823213_2041678326, 3772019_3772019
398823213_2075229706, 3771860_3771860
398823213_2085397834, 3771841_3771841
398823213_2085409526, 3770625_3770625
398823213_2094911511, 3771607_3771607
398823213_2109223774, 3771634_3771634
400729526_2225176138, 3771383_3771383
402278301_1689772514, 3769411_3769411
403593369_1937582936, 3772040_3772040
404494314_2176595175, 3769643_3769643
405031260_1939388343, 3771375_3771375
405031260_1976641373, 3769415_3769415
406826660_1604327706, 3772206_3772206
408720419_2213464762, 3770532_3770532
408938292_1832295156, 3770532_3770532
414737723_1864319233, 3770948_3770948
416884673_2157044463, 3771926_3771926
418354512_1904161844, 3770569_3770569
418360134_2046817830, 5504102_5504102
41845084_1857573722, 3769397_3769397
41845084_1862237809, 3771926_3771926
418766781_2017788646, 3770036_3770036
421711030_1781281593, 3771208_3771208
421711030_1829810053, 3769745_3769745
421711030_1969324804, 3769745_3769745
42209902_2129152534, 3771162_3771162
422310595_1931855175, 3769415_3769415
423565102_1622702993, 3771926_3771926
42459981_1973897859, 3772205_3772205
42473630_2203082050, 3770923_3770923
42473630_2240692818, 3770469_3770469
42691045_1689553234, 3771199_3771199
430294083_1849236172, 3772048_3772048
430449691_1610435383, 3771386_3771386
430581784_2135671783, 3770492_3770492
431066330_2003308922, 3771712_3771712
431493611_1548508568, 3770564_3770564
435069615_1908064554, 3769897_3769897
435129090_1836917461, 3770789_3770789
438341495_2330832631, 3771208_3771208
438551824_2078920996, 3769917_3769917
442345962_1694438277, 3771973_3771973
442345962_1754956351, 3770671_3770671
442837350_1617705918, 3771879_3771879
442837350_1631057657, 3771879_3771879
443188829_1736577515, 3772190_3772190
443368906_1993029562, 3769894_3769894
443887184_1873954909, 3772190_3772190
444117431_1922088484, 3769343_3769343
444117431_1924856581, 3771386_3771386
447290363_1573815044, 3771902_3771902
449420732_2036722042, 3771225_3771225
450791176_2081859518, 3771406_3771406
450791176_2109466837, 3771406_3771406
450791176_2150513831, 3771406_3771406
452859349_1869692541, 3772190_3772190
454032310_2119509836, 3770948_3770948
454032310_2153157729, 3770948_3770948
455683032_1793608643, 3769836_3769836
45846580_1905011396, 3771386_3771386
45846580_1933188452, 3769493_3769493
45846580_2158029284, 3771391_3771391
45917320_1694937550, 4180100_4180100
45917320_1858179998, 3769822_3769822
45917320_1923003553, 3770671_3770671
45917320_2020673857, 3769948_3769948
45917320_2177436841, 3771811_3771811
460689564_1871619649, 3770761_3770761
46196815_1688803666, 3770948_3770948
463002763_1792561897, 3772074_3772074
465075826_1713948650, 3771409_3771409
465075826_1901797695, 3769899_3769899
465370401_1842532492, 3769411_3769411
465370401_2082375042, 3769411_3769411
46589068_1578150555, 3770532_3770532
46640968_1854552101, 3771338_3771338
466626308_1587346291, 3772088_3772088
468381239_1539443372, 3772070_3772070
468643693_2173128285, 5504102_5504102
469473940_2053735445, 3770803_3770803
469473940_2058291198, 3772190_3772190
469473940_2058498793, 3771377_3771377
470249401_1692063567, 3771937_3771937
470556543_1767823837, 3771171_3771171
47321317_1702836345, 3771926_3771926
473926181_1927111247, 3771107_3771107
474528071_1991421873, 3771944_3771944
475393323_1659612740, 3771456_3771456
479536087_1583296565, 3772019_3772019
480922158_1604482583, 3772019_3772019
481502587_1692883918, 3771800_3771800
482890538_1779825407, 3771199_3771199
484059082_2111369905, 3771926_3771926
485810936_1949914395, 3769713_3769713
485810936_1956729394, 3769713_3769713
485810936_1956737053, 3769713_3769713
486285935_2150191582, 3769415_3769415
490297521_1807490629, 3772190_3772190
490330280_2007563943, 3771311_3771311
49063510_1642947036, 3769415_3769415
496126397_1859852878, 3769899_3769899
498514802_1822439870, 3772190_3772190
498797627_1956803517, 3770948_3770948
498797627_2007199304, 3772179_3772179
500739612_2254444020, 3772145_3772145
500976693_2122965130, 3769643_3769643
50118371_1747056175, 3771311_3771311
50118371_1770872582, 3770668_3770668
50118371_1776032736, 3770668_3770668
50118371_2097543213, 3771311_3771311
50118371_2285969442, 3770034_3770034
501874850_1798681828, 3772190_3772190
502758637_2005010405, 3769643_3769643
504073037_1548329393, 3770948_3770948
505893711_2130987920, 3771611_3771611
506903711_2005296497, 3770202_3770202
506903711_2070671842, 3771116_3771116
508788622_2340313035, 3772162_3772162
508932076_1837505272, 3772205_3772205
508932076_1859963094, 3770431_3770431
508932076_2048871114, 3771749_3771749
508932076_2131335519, 3771478_3771478
510221874_1754875171, 3769643_3769643
511322078_1797062760, 3770948_3770948
513581011_2038275270, 3770668_3770668
518716641_1978466999, 3769666_3769666
535714192_2023870857, 3770377_3770377
536361278_1575692128, 3770994_3770994
53663215_1730735785, 3772221_3772221
536855636_2063556800, 3770532_3770532
536855636_2184145379, 3770532_3770532
538398037_1998258363, 3769836_3769836
541775563_1613837371, 3770326_3770326
543457763_1974206537, 3769776_3769776
544169967_2234726922, 3770762_3770762
545050573_2090009818, 3770181_3770181
54932280_1996063255, 3769477_3769477
550330631_1644875092, 3770847_3770847
552542860_1721092204, 3769942_3769942
552542860_1917359617, 3771374_3771374
562681263_1596109666, 3770803_3770803
563709256_1633693375, 3770996_3770996
563709256_1723602866, 3770996_3770996
564404853_1864829180, 3769415_3769415
56522049_2251724137, 3769643_3769643
566026763_1961826754, 3770922_3770922
567264819_1799379202, 3770532_3770532
568402279_2075012310, 3771936_3771936
56870073_1663204689, 3771734_3771734
574571224_2015350601, 3769643_3769643
581273163_1967582326, 3771821_3771821
58433958_1988569413, 3771474_3771474
587166453_1765944594, 3769425_3769425
588026645_1675384932, 3769643_3769643
589131535_1731025422, 3769699_3769699
589131535_1799560615, 3771171_3771171
589131535_2220885555, 3770548_3770548
589586259_1734797996, 3769357_3769357
591001585_1937358170, 3769415_3769415
592769194_2193684445, 3769458_3769458
593179828_2007620515, 3771478_3771478
593933150_1977170132, 3769458_3769458
596868984_1595667313, 3769823_3769823
59938883_1674249098, 3771767_3771767
59938883_1948300718, 3771767_3771767
601104884_1879082194, 3771800_3771800
605569177_1628828867, 3772088_3772088
60885152_1776315099, 3771478_3771478
60885152_2106984060, 3771981_3771981
60885152_2107021218, 3771478_3771478
611581463_1596600116, 3769836_3769836
613209974_2075006696, 3769607_3769607
613239764_1754974367, 3771162_3771162
613511522_1767930149, 3769357_3769357
613640258_2082916095, 3770532_3770532
618517515_1947173508, 3770532_3770532
620910568_2216161879, 3769499_3769499
621583757_1902905109, 3769447_3769447
62476039_1673497449, 3770535_3770535
62476039_1763202675, 3770037_3770037
62476039_1763243527, 3770326_3770326
62476039_2150599295, 3770431_3770431
62476039_2150664379, 3769643_3769643
628655574_2293410771, 3769411_3769411
630350063_1615884551, 3770961_3770961
630350063_2065854702, 3770152_3770152
631151130_1707426581, 3769314_3769314
633027439_1742404184, 3769696_3769696
635751142_2085033788, 3770207_3770207
642937733_1600259131, 3770679_3770679
646830040_1765257451, 3770532_3770532
648831491_2016650169, 3769458_3769458
655621282_1942936854, 3771478_3771478
655713767_2091765854, 3770668_3770668
65981812_2176750031, 3771926_3771926
65981812_2226495090, 3771926_3771926
659949005_1678082727, 3769810_3769810
66032863_2169718455, 3769643_3769643
661872115_2123748201, 3769380_3769380
662794841_1618352334, 3769836_3769836
666251103_1650095118, 3772212_3772212
666251103_2238240659, 3769730_3769730
670599162_2220199078, 3771107_3771107
670599162_2223143332, 3771107_3771107
670599162_2234292899, 3769411_3769411
676296222_1927464944, 3770551_3770551
679330233_1620770101, 3771208_3771208
67995151_1799566723, 3769655_3769655
682070181_1628460811, 3771195_3771195
68318964_1640355907, 3769643_3769643
683304364_1847499061, 3769643_3769643
684302257_2140943195, 3771494_3771494
684347989_1937694329, 3772190_3772190
684347989_2227253593, 3772190_3772190
68677779_2194105857, 3769319_3769319
689020863_1864847488, 3770900_3770900
692221520_2139921916, 3770496_3770496
696169969_2216175468, 3769643_3769643
698030021_2195305425, 3769411_3769411
709734755_1955074093, 3770668_3770668
719707996_1872110620, 3771922_3771922
719707996_2005634574, 3771478_3771478
725556323_1976430666, 3772049_3772049
728584200_1990518562, 3770458_3770458
733973761_1892298622, 3771800_3771800
73575866_1752252650, 3771697_3771697
73828161_2051863248, 3771926_3771926
748781099_2165037289, 3769411_3769411
748965931_2114037546, 3771792_3771792
754711829_2032241259, 3771825_3771825
759606928_1967083517, 3772033_3772033
759953557_1667843599, 3770458_3770458
759953557_1680960216, 3769696_3769696
759953557_1748906582, 3769882_3769882
764068266_2000751683, 3769319_3769319
764068266_2122989990, 3770245_3770245
764068266_2253084770, 3769841_3769841
764068266_2312245024, 3771644_3771644
766395535_2363351693, 3771902_3771902
771184330_2163158585, 3771478_3771478
772245744_2278371944, 3770431_3770431
773534850_1754610443, 3771926_3771926
775276212_1900414945, 3771377_3771377
775276212_1900422139, 3771377_3771377
777835423_2051951959, 3771498_3771498
781706269_1674819663, 3770789_3770789
78222801_2164680204, 3769882_3769882
787026389_1925618581, 3772078_3772078
787026389_1945345851, 3771478_3771478
787026389_2044075502, 3771413_3771413
788918005_1979289953, 3785111_3785111
789517882_1942021930, 3770959_3770959
791367355_2039379651, 3769810_3769810
791367355_2039407830, 3769810_3769810
791476040_1746920998, 3770363_3770363
791476040_1832552569, 3770640_3770640
791476040_1934748014, 3770258_3770258
791476040_1934785984, 3769995_3769995
791476040_1937572398, 3770691_3770691
791476040_2041636823, 3769643_3769643
791476040_2048712868, 3771497_3771497
791476040_2065813937, 3771793_3771793
791476040_2070598390, 3769696_3769696
791476040_2092282839, 3770800_3770800
791476040_2242712548, 3770981_3770981
796335467_2244649057, 3771283_3771283
797687517_1553582308, 3769596_3769596
799186077_1799625262, 3771436_3771436
799344980_1971574083, 3770333_3770333
800049131_1649098576, 3772205_3772205
800175769_2104607575, 3771391_3771391
80023482_1850352016, 3770023_3770023
80023482_2097345259, 3770585_3770585
802164276_2301172317, 3772078_3772078
80299242_1920048912, 3772081_3772081
806461249_1914958414, 3771645_3771645
806461249_1974016959, 3770922_3770922
806727254_1752919490, 3770695_3770695
810342018_2206197410, 3771723_3771723
810621861_2036617513, 3771626_3771626
811395167_1525092188, 3769619_3769619
811395167_1752290743, 3771456_3771456
811395167_1917373264, 3770517_3770517
811395167_1929914072, 3771340_3771340
819316110_2068065317, 3771973_3771973
82109616_1558724219, 3770207_3770207
826441917_2029983888, 3770649_3770649
82672188_1566900995, 3771478_3771478
82866049_1848704567, 3772024_3772024
82866049_1951168299, 3771225_3771225
831564232_1678140685, 3770700_3770700
835286594_1582348531, 3772145_3772145
837014493_1652389786, 3771800_3771800
837014493_1707728393, 3771295_3771295
838785317_1950128788, 3771478_3771478
84039072_1929582919, 3770431_3770431
84039072_2216656501, 3771391_3771391
84039072_2222768647, 3770403_3770403
844708693_2055004449, 3772162_3772162
84548393_1523031800, 3769643_3769643
845559536_1876538967, 3770920_3770920
845559536_2005427759, 3770943_3770943
851232568_2185899078, 3771734_3771734
851232568_2187871707, 3771734_3771734
853941269_1675831733, 3770803_3770803
85644449_1864705663, 3769415_3769415
85806856_2183836399, 3769448_3769448
85806856_2183863318, 3769465_3769465
85806856_2208729750, 3770469_3770469
858829521_1988443222, 3770352_3770352
85988560_1652160092, 3769568_3769568
85988560_1707986164, 3769568_3769568
85988560_1852294690, 3769568_3769568
85988560_2085603893, 3769568_3769568
861303890_1914915514, 3771474_3771474
861873662_1888782127, 3770803_3770803
862745325_1805333243, 3772206_3772206
86323464_1798797890, 3770782_3770782
863638897_2007616199, 3771708_3771708
86811403_2205344525, 3771116_3771116
86811403_2205358173, 3771116_3771116
868821511_1631211632, 3771927_3771927
87311659_1675605606, 3771173_3771173
87311659_1859953095, 3769745_3769745
876374748_2097124372, 3770668_3770668
876445360_1849355487, 3769738_3769738
88255145_2342312884, 3770017_3770017
885204644_1771275512, 3769882_3769882
887881632_1830190717, 3770300_3770300
887881632_1903996688, 3770641_3770641
887881632_1983595649, 3770829_3770829
890398854_1656339982, 3772088_3772088
891523458_1617558654, 3769841_3769841
89305274_1683889933, 3769390_3769390
894256958_1930398315, 3769836_3769836
895790552_2007498015, 3772039_3772039
895790552_2007729913, 3772039_3772039
895790552_2007734514, 3772039_3772039
895790552_2007849494, 3772039_3772039
895790552_2007902546, 3772039_3772039
895790552_2009862163, 3772039_3772039
896371257_2089261338, 3769415_3769415
89694558_1702090986, 3770761_3770761
89694558_1755057987, 3771478_3771478
90098724_1947863094, 3770094_3770094
907586203_2252812625, 3772162_3772162
908974396_1731290688, 3769841_3769841
908974396_1864668077, 3770948_3770948
909253950_1817450010, 3769565_3769565
913936875_1944645429, 3770258_3770258
91575098_1880527439, 3771660_3771660
91575098_1933116891, 3770098_3770098
91942908_2237982374, 3772144_3772144
921190469_1962091788, 3769590_3769590
92137089_1821426275, 3769643_3769643
923015003_2097938119, 3771478_3771478
924997760_2133647498, 3770671_3770671
924997760_2178842041, 3771377_3771377
926400698_2045969580, 3771116_3771116
926400698_2046043570, 3771116_3771116
926400698_2046126904, 3771116_3771116
927392813_1847625269, 3771107_3771107
928326675_2008785253, 3770532_3770532
929571874_1837572724, 3771793_3771793
929571874_1839889087, 3771789_3771789
937772680_2226870754, 3770803_3770803
938633807_1739110644, 3769643_3769643
938633807_1746935779, 3771451_3771451
941788626_1746352995, 3769899_3769899
943768962_1636979409, 3769661_3769661
94531748_2065896301, 3771821_3771821
948818447_1969314778, 3769643_3769643
95071201_1565408392, 3770532_3770532
952082988_2171809305, 3769777_3769777
956291927_1983634849, 3771478_3771478
957082413_1578369197, 3769841_3769841
958600586_2200599533, 3769882_3769882
958760226_1945168491, 3772190_3772190
959677875_2005160200, 3770303_3770303
960143310_1942309570, 3769932_3769932
962372793_2128641759, 3772070_3772070
962688553_1678381346, 3770457_3770457
967753340_1561068576, 3770458_3770458
967753340_2053297304, 3769917_3769917
967753340_2062997904, 3769637_3769637
968874091_1942007855, 3769643_3769643
970627749_1842494707, 3771478_3771478
971314399_1839611093, 3771823_3771823
972423821_1728387331, 3771347_3771347
972423821_1741603140, 3771347_3771347
972710129_1942152600, 3771760_3771760
97796639_2123023414, 3769415_3769415
98164128_1687156493, 3769643_3769643
982027444_2077941820, 3771629_3771629
984573254_1979335870, 3771903_3771903
986268167_2316444813, 3770061_3770061
987364857_2257992079, 3772190_3772190
989664960_2010503664, 3770789_3770789
990438724_2121377925, 3770431_3770431
997203920_1855200632, 3769899_3769899
999315696_1712999232, 3770532_3770532
999628253_1573079046, 3770978_3770978
999628253_1626001839, 3770683_3770683
999628253_1626046149, 3771225_3771225
999628253_1626079743, 3770428_3770428
